Comment,Description,Designator,LibRef,Quantity
TL3365AF180QG,Switch Tactile N.O. SPST Button Gull Wing 0.05A 12VDC 100000Cycles 1.77N SMD,"B1, B2",TL3365AF180QG,2
CL05B104KP5VPNC,"Ceramic Capacitor, Multilayer, Ceramic, 10V, 10% +Tol, 10% -Tol, X7R, +-15% TC, 100nF, Surface Mount, 0402 inch","C1, C4, C16, C17, C18, C19, C20, C31, C32, C33, C34, C35, C36, C37, C38, C39, C40",CL05B104KP5VPNC,17
CL32B106KBJNNNE,"Ceramic Capacitor, Multilayer, Ceramic, 50V, 10% +Tol, 10% -Tol, X7R, +-15% TC, 10uF, Surface Mount, 1210 inch","C2, C14, C15, C21",CL32B106KBJNNNE,4
0805B224K500CC,50V 220nF X7R ±10% 0805 Multilayer Ceramic Capacitors MLCC - SMD/SMT ROHS,C3,0805B224K500CC,1
08051C103KAT2A,0805 10 nF 100V ±10 % Tolerance X7R Surface Mount Multilayer Ceramic Capacitor,"C5, C7, C8, C9, C23, C25",08051C103KAT2A,6
CL05A105KO5NNNC,16V 1uF X5R ±10% 0402 Multilayer Ceramic Capacitors MLCC - SMD/SMT ROHS,C6,CL05A105KO5NNNC,1
*CL32B226MOJNNNE,"Ceramic Capacitor, Multilayer, Ceramic, 16V, 20% +Tol, 20% -Tol, X7R, +-15% TC, 22uF, Surface Mount, 1210 inch","C10, C11, C12, C13, C22",CL32B226MOJNNNE,5
CL21B105KBFNNNE,50V 1uF X7R ±10% 0805 Multilayer Ceramic Capacitors MLCC - SMD/SMT ROHS,C24,CL21B105KBFNNNE,1
CC0402FRNPO9BN300,50V 30pF NP0 ±1% 0402 Multilayer Ceramic Capacitors MLCC - SMD/SMT ROHS,"C26, C27",CC0402FRNPO9BN300,2
GJM1555C1H180GB01D,0402 18 pF 50 V ±2% C0G/NP0 Multilayer Ceramic Chip Capacitor,"C28, C29",GJM1555C1H180GB01D,2
CL10E104KC8VPNC,"Ceramic Capacitor, Multilayer, Ceramic, 100V, 10% +Tol, 10% -Tol, X8L, -40~+15% TC, 100nF, Surface Mount, 0603 inch",C30,CL10E104KC8VPNC,1
CN_XT60,,"CN1, CN2",CN_XT60,2
SM04B-SRSS-TB,"Connector Header, Side Entry, SR Series, 4 Position, 1.00mm, 50V, Surface Mount, Tin, Natural",CN3,SM04B-SRSS-TB,1
B4B-XH-A,,CN4,B4B-XH-A,1
455-B7B-XH-A-ND,,CN5,455-B7B-XH-A-ND,1
455-B8B-XH-A-ND,Conn Shrouded Header HDR 8 POS 2.5mm Solder ST Thru-Hole Box,CN6,455-B8B-XH-A-ND,1
SMCJ75A,Diode TVS Single Uni-Directional 75V 1.5kW 2-Pin DO-214AB,D1,SMCJ75A,1
ES3D-E3/57T,Rectifier Diode Switching 200V 3A 20ns 2-Pin SMC T/R / DIODE GEN PURP 200V 3A DO214AB,D2,ES3D-E3/57T,1
MMSZ4701T1G,Zener Diode Single 14V 5% 500mW 2-Pin SOD-123 T/R / DIODE ZENER 14V 500MW SOD123,"D3, D4, D5, D6, D7, D8",MMSZ4701T1G,6
SRR1260-8R2Y,Inductor Power Shielded Wirewound 8.2uH 30% 100KHz 18Q-Factor Ferrite 5.7A 19.5mOhm DCR T/R,L1,SRR1260-8R2Y,1
ZXMP10A13FTA,P-Channel 100 V 1 Ohm Surface Mount Enhancement Mode MOSFET - SOT-23,"Q1, Q13",ZXMP10A13FTA,2
BSC010N04LSATMA1,"MOSFET Transistor, N Channel, 100 A, 40 V, 0.00085 ohm, 10 V, 2 V","Q2, Q3, Q11, Q12, Q14, Q15",BSC010N04LSATMA1,6
BSS308PE,MOSFET P-CH 30V 2A SOT23-3 P-Channel 30 V 2A (Ta) 500mW (Ta) Surface Mount PG-SOT23,"Q4, Q5, Q6, Q7, Q8, Q9, Q10",BSS308PE,7
RC0603FR-07100KL,Yageo RC0603FR-07100KL resistor 100k ohm 0603 1% thick film surface mount,R1,RC0603FR-07100KL,1
WSL39211L000FEA,Res Metal Strip 3921 0.001 Ohm 1% 3W ±150ppm/C Sulfur Resistant Pad SMD T/R Automotive AEC-Q200,R2,WSL39211L000FEA,1
CRCW040224K9FKED,Res Thick Film 0402 24.9K Ohm 1% 1/16W ±100ppm/°C Molded SMD Paper T/R,"R3, R18, R21, R23, R25, R27",CRCW040224K9FKED,6
RC0402JR-0710KL,Res Thick Film 0402 10K Ohm 5% 0.063W(1/16W) ±100ppm/C Pad SMD T/R,"R4, R5, R13, R16, R30, R31, R49, R53, R56, R60",RC0402JR-0710KL,10
RNAN0603BKE50R0,"RES PREC, AIN, 0603, 50 ohm, 0.1%, 25 ppm","R6, R11, R12, R36, R43, R47, R51",RNAN0603BKE50R0,7
ERJ-1TYJ102U,Res Thick Film 2512 1K Ohm 5% 1W ±200ppm/°C Molded SMD Embossed Carrier T/R,"R7, R14",ERJ-1TYJ102U,2
CRCW060310M0FKEA,100mW Thick Film Resistors 75V ±1% ±100ppm/℃ 10MΩ 0603 Chip Resistor - Surface Mount ROHS,"R8, R9, R19, R55",CRCW060310M0FKEA,4
CRCW0603100RFKEA,Res Thick Film 0603 100 Ohm 1% 0.1W(1/10W) ±100ppm/°C Pad SMD T/R Automotive AEC-Q200,"R10, R15",CRCW0603100RFKEA,2
RC0402FR-071KL,62.5mW Thick Film Resistors 50V ±100ppm/℃ ±1% 1kΩ 0402 Chip Resistor - Surface Mount ROHS,"R17, R20, R22, R24, R26, R37, R45, R48, R52, R57, R61, R64",RC0402FR-071KL,12
RG1608P-304-B-T5,Res Thin Film 0603 300K Ohm 0.1% 0.1W(1/10W) ±25ppm/C Sulfur Resistant Pad SMD Automotive T/R,R28,RG1608P-304-B-T5,1
RG1608P-1132-B-T5,Res Thin Film 0603 11.3K Ohm 0.1% 0.1W(1/10W) ±25ppm/°C Sulfur Resistant Pad SMD Automotive T/R,R29,RG1608P-1132-B-T5,1
RC0603FR-07100RL,Yageo RC0603FR-07100RL 0603 SMD Resistor 100 Ohm thin film chip resistor,"R32, R41, R46, R50, R54, R58, R62, R65",RC0603FR-07100RL,8
RMCF0402FT10K0,Res Thick Film 0402 10K Ohm 1% 0.063W(1/16W) ±100ppm/C Pad SMD T/R Automotive AEC-Q200,"R33, R34, R35",RMCF0402FT10K0,3
NCP15XH103F03RC,Thermistor NTC 10K Ohm 1% 2-Pin 0402 Surface Mount Solder Pad 3434K Paper T/R,"R38, R39, R40",NCP15XH103F03RC,3
RC0402FR-07100RL,Res Thick Film 0402 100 Ohm 1% 0.063W(1/16W) ±100ppm/C Pad SMD T/R,R42,RC0402FR-07100RL,1
CRCW06030000Z0EA,333.333mW Thick Film Resistors 75V 0Ω 0603 Chip Resistor - Surface Mount ROHS,R44,CRCW06030000Z0EA,1
LMR33630ADDAR,,U1,LMR33630ADDAR,1
INA239AIDGSR,"85-V, 16-bit, high-precision, SPI output current/voltage/power monitor with alert 10-VSSOP -40 to 125",U2,INA239AIDGSR,1
*AMS1117-3.3,1A 60dB@(120Hz) Fixed 3.3V Positive 18V SOT-223 Linear Voltage Regulators (LDO) ROHS,U3,AMS1117-3.3,1
BQ76200PWR,IC BATT PROT MULTI 3-16C 16TSSOP Battery Battery Protection IC Multi-Chemistry 16-TSSOP,U4,BQ76200PWR,1
STM32F103C8T6TR,MCU 32-bit STM32F1 ARM Cortex M3 RISC 64KB Flash 2.5V/3.3V 48-Pin LQFP T/R,U5,STM32F103C8T6TR,1
LTC6811HG-2#PBF,"12 Channel Multicell Battery Monitor with Addressable Interface, Generation 4",U6,LTC6811HG-2#PBF,1
FC-135 32.7680KA-A5,Crystal 0.032768MHz ±20ppm (Tol) 12.5pF FUND 70000Ohm 2-Pin CSMD T/R,X2,FC-135 32.7680KA-A5,1
ABM3-8.000MHZ-D2Y-T,,X?,ABM3-8.000MHZ-D2Y-T,1
